[
  {
    "model": "admin.logentry",
    "pk": 1,
    "fields": {
      "action_time": "2022-12-28T14:37:06.221Z",
      "user": 1,
      "content_type": 7,
      "object_id": "1",
      "object_repr": "Videocard object (1)",
      "action_flag": 2,
      "change_message": "[{\"changed\": {\"fields\": [\"\\u0418\\u0437\\u043e\\u0431\\u0440\\u0430\\u0436\\u0435\\u043d\\u0438\\u0435\"]}}]"
    }
  },
  {
    "model": "admin.logentry",
    "pk": 2,
    "fields": {
      "action_time": "2022-12-28T14:39:53.783Z",
      "user": 1,
      "content_type": 7,
      "object_id": "1",
      "object_repr": "Videocard object (1)",
      "action_flag": 2,
      "change_message": "[{\"changed\": {\"fields\": [\"\\u0418\\u0437\\u043e\\u0431\\u0440\\u0430\\u0436\\u0435\\u043d\\u0438\\u0435\"]}}]"
    }
  },
  {
    "model": "admin.logentry",
    "pk": 3,
    "fields": {
      "action_time": "2022-12-29T22:02:00.021Z",
      "user": 1,
      "content_type": 7,
      "object_id": "2",
      "object_repr": "Videocard object (2)",
      "action_flag": 1,
      "change_message": "[{\"added\": {}}]"
    }
  },
  {
    "model": "admin.logentry",
    "pk": 4,
    "fields": {
      "action_time": "2022-12-29T22:02:11.413Z",
      "user": 1,
      "content_type": 7,
      "object_id": "2",
      "object_repr": "Videocard object (2)",
      "action_flag": 2,
      "change_message": "[{\"changed\": {\"fields\": [\"\\u0418\\u0437\\u043e\\u0431\\u0440\\u0430\\u0436\\u0435\\u043d\\u0438\\u0435\", \"\\u0418\\u0437\\u043e\\u0431\\u0440\\u0430\\u0436\\u0435\\u043d\\u0438\\u0435 \\u0431\\u043e\\u043b\\u044c\\u0448\\u043e\\u0435\", \"\\u0424\\u043e\\u043d\"]}}]"
    }
  },
  {
    "model": "admin.logentry",
    "pk": 5,
    "fields": {
      "action_time": "2022-12-29T22:02:17.116Z",
      "user": 1,
      "content_type": 7,
      "object_id": "2",
      "object_repr": "Videocard object (2)",
      "action_flag": 3,
      "change_message": ""
    }
  },
  {
    "model": "admin.logentry",
    "pk": 6,
    "fields": {
      "action_time": "2022-12-29T22:03:41.701Z",
      "user": 1,
      "content_type": 7,
      "object_id": "3",
      "object_repr": "Videocard object (3)",
      "action_flag": 1,
      "change_message": "[{\"added\": {}}]"
    }
  },
  {
    "model": "admin.logentry",
    "pk": 7,
    "fields": {
      "action_time": "2022-12-29T22:09:29.658Z",
      "user": 1,
      "content_type": 7,
      "object_id": "3",
      "object_repr": "AMD RadeonЩ RX 7900 XTX",
      "action_flag": 2,
      "change_message": "[{\"changed\": {\"fields\": [\"\\u0418\\u0437\\u043e\\u0431\\u0440\\u0430\\u0436\\u0435\\u043d\\u0438\\u0435\", \"\\u0418\\u0437\\u043e\\u0431\\u0440\\u0430\\u0436\\u0435\\u043d\\u0438\\u0435 \\u0431\\u043e\\u043b\\u044c\\u0448\\u043e\\u0435\", \"\\u0424\\u043e\\u043d\"]}}]"
    }
  },
  {
    "model": "admin.logentry",
    "pk": 8,
    "fields": {
      "action_time": "2022-12-29T22:25:33.190Z",
      "user": 1,
      "content_type": 7,
      "object_id": "3",
      "object_repr": "RadeonЩ RX 7900 XTX",
      "action_flag": 2,
      "change_message": "[{\"changed\": {\"fields\": [\"\\u041d\\u0430\\u0437\\u0432\\u0430\\u043d\\u0438\\u0435\"]}}]"
    }
  },
  {
    "model": "admin.logentry",
    "pk": 9,
    "fields": {
      "action_time": "2022-12-29T22:27:54.489Z",
      "user": 1,
      "content_type": 7,
      "object_id": "3",
      "object_repr": "RadeonЩ RX 7900 XTX",
      "action_flag": 2,
      "change_message": "[{\"changed\": {\"fields\": [\"\\u041f\\u0440\\u043e\\u043c\\u043e-\\u0442\\u0435\\u043a\\u0441\\u0442\"]}}]"
    }
  },
  {
    "model": "admin.logentry",
    "pk": 10,
    "fields": {
      "action_time": "2022-12-29T22:45:09.935Z",
      "user": 1,
      "content_type": 7,
      "object_id": "4",
      "object_repr": "Radeon  RX 6700 XT",
      "action_flag": 1,
      "change_message": "[{\"added\": {}}]"
    }
  },
  {
    "model": "admin.logentry",
    "pk": 11,
    "fields": {
      "action_time": "2022-12-29T22:47:27.832Z",
      "user": 1,
      "content_type": 7,
      "object_id": "5",
      "object_repr": "RTX 3090",
      "action_flag": 1,
      "change_message": "[{\"added\": {}}]"
    }
  },
  {
    "model": "admin.logentry",
    "pk": 12,
    "fields": {
      "action_time": "2022-12-29T22:48:49.428Z",
      "user": 1,
      "content_type": 7,
      "object_id": "6",
      "object_repr": "RTX 2060",
      "action_flag": 1,
      "change_message": "[{\"added\": {}}]"
    }
  },
  {
    "model": "admin.logentry",
    "pk": 13,
    "fields": {
      "action_time": "2022-12-29T22:49:09.343Z",
      "user": 1,
      "content_type": 7,
      "object_id": "7",
      "object_repr": "RTX 3060",
      "action_flag": 1,
      "change_message": "[{\"added\": {}}]"
    }
  },
  {
    "model": "admin.logentry",
    "pk": 14,
    "fields": {
      "action_time": "2022-12-31T20:31:08.893Z",
      "user": 1,
      "content_type": 7,
      "object_id": "3",
      "object_repr": "RadeonЩ RX 7900 XTX",
      "action_flag": 2,
      "change_message": "[{\"changed\": {\"fields\": [\"Promo type\"]}}]"
    }
  },
  {
    "model": "admin.logentry",
    "pk": 15,
    "fields": {
      "action_time": "2022-12-31T20:40:21.501Z",
      "user": 1,
      "content_type": 7,
      "object_id": "1",
      "object_repr": "RTX 4090",
      "action_flag": 3,
      "change_message": ""
    }
  },
  {
    "model": "admin.logentry",
    "pk": 16,
    "fields": {
      "action_time": "2022-12-31T20:57:57.748Z",
      "user": 1,
      "content_type": 8,
      "object_id": "1",
      "object_repr": "admin",
      "action_flag": 1,
      "change_message": "[{\"added\": {}}]"
    }
  },
  {
    "model": "admin.logentry",
    "pk": 17,
    "fields": {
      "action_time": "2022-12-31T21:00:37.855Z",
      "user": 1,
      "content_type": 4,
      "object_id": "1",
      "object_repr": "admin",
      "action_flag": 2,
      "change_message": "[{\"changed\": {\"fields\": [\"First name\", \"Last name\", \"Email address\"]}}]"
    }
  },
  {
    "model": "admin.logentry",
    "pk": 18,
    "fields": {
      "action_time": "2022-12-31T21:51:45.172Z",
      "user": 1,
      "content_type": 4,
      "object_id": "2",
      "object_repr": "Billy",
      "action_flag": 3,
      "change_message": ""
    }
  },
  {
    "model": "admin.logentry",
    "pk": 19,
    "fields": {
      "action_time": "2023-01-01T18:50:16.026Z",
      "user": 1,
      "content_type": 4,
      "object_id": "4",
      "object_repr": "Osmolo",
      "action_flag": 3,
      "change_message": ""
    }
  },
  {
    "model": "admin.logentry",
    "pk": 20,
    "fields": {
      "action_time": "2023-01-01T18:51:46.477Z",
      "user": 1,
      "content_type": 4,
      "object_id": "5",
      "object_repr": "Osmolo",
      "action_flag": 3,
      "change_message": ""
    }
  },
  {
    "model": "admin.logentry",
    "pk": 21,
    "fields": {
      "action_time": "2023-01-01T18:53:57.432Z",
      "user": 1,
      "content_type": 4,
      "object_id": "6",
      "object_repr": "Osmolo",
      "action_flag": 3,
      "change_message": ""
    }
  },
  {
    "model": "admin.logentry",
    "pk": 22,
    "fields": {
      "action_time": "2023-01-01T18:55:18.859Z",
      "user": 1,
      "content_type": 8,
      "object_id": "6",
      "object_repr": "Osmolo",
      "action_flag": 3,
      "change_message": ""
    }
  },
  {
    "model": "admin.logentry",
    "pk": 23,
    "fields": {
      "action_time": "2023-01-01T19:15:01.188Z",
      "user": 1,
      "content_type": 4,
      "object_id": "7",
      "object_repr": "Osmolo",
      "action_flag": 3,
      "change_message": ""
    }
  },
  {
    "model": "admin.logentry",
    "pk": 24,
    "fields": {
      "action_time": "2023-01-04T13:35:50.556Z",
      "user": 1,
      "content_type": 7,
      "object_id": "8",
      "object_repr": "RTX 3050 OC",
      "action_flag": 1,
      "change_message": "[{\"added\": {}}]"
    }
  },
  {
    "model": "admin.logentry",
    "pk": 25,
    "fields": {
      "action_time": "2023-01-04T13:36:54.026Z",
      "user": 1,
      "content_type": 7,
      "object_id": "9",
      "object_repr": "RTX 3050",
      "action_flag": 1,
      "change_message": "[{\"added\": {}}]"
    }
  },
  {
    "model": "admin.logentry",
    "pk": 26,
    "fields": {
      "action_time": "2023-01-04T13:37:47.872Z",
      "user": 1,
      "content_type": 7,
      "object_id": "10",
      "object_repr": "GTX 1030 OC",
      "action_flag": 1,
      "change_message": "[{\"added\": {}}]"
    }
  },
  {
    "model": "admin.logentry",
    "pk": 27,
    "fields": {
      "action_time": "2023-01-04T13:38:22.620Z",
      "user": 1,
      "content_type": 7,
      "object_id": "11",
      "object_repr": "RTX 3060ti",
      "action_flag": 1,
      "change_message": "[{\"added\": {}}]"
    }
  },
  {
    "model": "admin.logentry",
    "pk": 28,
    "fields": {
      "action_time": "2023-01-04T13:39:05.732Z",
      "user": 1,
      "content_type": 7,
      "object_id": "12",
      "object_repr": "GTX 1660 Super",
      "action_flag": 1,
      "change_message": "[{\"added\": {}}]"
    }
  },
  {
    "model": "admin.logentry",
    "pk": 29,
    "fields": {
      "action_time": "2023-01-04T13:39:34.603Z",
      "user": 1,
      "content_type": 7,
      "object_id": "13",
      "object_repr": "RTX 3060ti",
      "action_flag": 1,
      "change_message": "[{\"added\": {}}]"
    }
  },
  {
    "model": "admin.logentry",
    "pk": 30,
    "fields": {
      "action_time": "2023-01-04T13:40:05.876Z",
      "user": 1,
      "content_type": 7,
      "object_id": "14",
      "object_repr": "RTX 4080",
      "action_flag": 1,
      "change_message": "[{\"added\": {}}]"
    }
  },
  {
    "model": "admin.logentry",
    "pk": 31,
    "fields": {
      "action_time": "2023-01-04T13:43:13.268Z",
      "user": 1,
      "content_type": 7,
      "object_id": "15",
      "object_repr": "GTX 1050ti",
      "action_flag": 1,
      "change_message": "[{\"added\": {}}]"
    }
  },
  {
    "model": "admin.logentry",
    "pk": 32,
    "fields": {
      "action_time": "2023-01-04T13:44:08.332Z",
      "user": 1,
      "content_type": 7,
      "object_id": "16",
      "object_repr": "GTX 1650",
      "action_flag": 1,
      "change_message": "[{\"added\": {}}]"
    }
  },
  {
    "model": "admin.logentry",
    "pk": 33,
    "fields": {
      "action_time": "2023-01-04T13:46:38.744Z",
      "user": 1,
      "content_type": 7,
      "object_id": "17",
      "object_repr": "RTX 3050",
      "action_flag": 1,
      "change_message": "[{\"added\": {}}]"
    }
  },
  {
    "model": "admin.logentry",
    "pk": 34,
    "fields": {
      "action_time": "2023-01-04T14:00:47.365Z",
      "user": 1,
      "content_type": 7,
      "object_id": "17",
      "object_repr": "RTX 3050",
      "action_flag": 2,
      "change_message": "[{\"changed\": {\"fields\": [\"\\u0418\\u0437\\u043e\\u0431\\u0440\\u0430\\u0436\\u0435\\u043d\\u0438\\u0435\"]}}]"
    }
  },
  {
    "model": "admin.logentry",
    "pk": 35,
    "fields": {
      "action_time": "2023-01-04T14:01:44.089Z",
      "user": 1,
      "content_type": 7,
      "object_id": "8",
      "object_repr": "RTX 3050 OC",
      "action_flag": 2,
      "change_message": "[{\"changed\": {\"fields\": [\"\\u0426\\u0435\\u043d\\u0430\"]}}]"
    }
  },
  {
    "model": "admin.logentry",
    "pk": 36,
    "fields": {
      "action_time": "2023-01-04T14:02:13.938Z",
      "user": 1,
      "content_type": 7,
      "object_id": "9",
      "object_repr": "RTX 3050",
      "action_flag": 2,
      "change_message": "[{\"changed\": {\"fields\": [\"\\u0426\\u0435\\u043d\\u0430\"]}}]"
    }
  },
  {
    "model": "admin.logentry",
    "pk": 37,
    "fields": {
      "action_time": "2023-01-04T14:02:48.414Z",
      "user": 1,
      "content_type": 7,
      "object_id": "10",
      "object_repr": "GTX 1030 OC",
      "action_flag": 2,
      "change_message": "[{\"changed\": {\"fields\": [\"\\u0426\\u0435\\u043d\\u0430\"]}}]"
    }
  },
  {
    "model": "admin.logentry",
    "pk": 38,
    "fields": {
      "action_time": "2023-01-04T14:05:41.086Z",
      "user": 1,
      "content_type": 7,
      "object_id": "11",
      "object_repr": "RTX 3050",
      "action_flag": 2,
      "change_message": "[{\"changed\": {\"fields\": [\"\\u041d\\u0430\\u0437\\u0432\\u0430\\u043d\\u0438\\u0435\", \"\\u0426\\u0435\\u043d\\u0430\", \"\\u0412\\u0435\\u043d\\u0434\\u043e\\u0440\", \"\\u0418\\u0437\\u043e\\u0431\\u0440\\u0430\\u0436\\u0435\\u043d\\u0438\\u0435\"]}}]"
    }
  },
  {
    "model": "admin.logentry",
    "pk": 39,
    "fields": {
      "action_time": "2023-01-04T14:07:45.532Z",
      "user": 1,
      "content_type": 7,
      "object_id": "18",
      "object_repr": "RTX 3060ti",
      "action_flag": 1,
      "change_message": "[{\"added\": {}}]"
    }
  },
  {
    "model": "admin.logentry",
    "pk": 40,
    "fields": {
      "action_time": "2023-01-04T14:08:41.601Z",
      "user": 1,
      "content_type": 7,
      "object_id": "19",
      "object_repr": "RTX 3050",
      "action_flag": 1,
      "change_message": "[{\"added\": {}}]"
    }
  },
  {
    "model": "admin.logentry",
    "pk": 41,
    "fields": {
      "action_time": "2023-01-04T14:09:34.941Z",
      "user": 1,
      "content_type": 7,
      "object_id": "20",
      "object_repr": "RTX 3050",
      "action_flag": 1,
      "change_message": "[{\"added\": {}}]"
    }
  },
  {
    "model": "admin.logentry",
    "pk": 42,
    "fields": {
      "action_time": "2023-01-04T14:10:27.754Z",
      "user": 1,
      "content_type": 7,
      "object_id": "17",
      "object_repr": "RTX 3050",
      "action_flag": 3,
      "change_message": ""
    }
  },
  {
    "model": "admin.logentry",
    "pk": 43,
    "fields": {
      "action_time": "2023-01-04T14:14:07.236Z",
      "user": 1,
      "content_type": 7,
      "object_id": "14",
      "object_repr": "RTX 4080",
      "action_flag": 2,
      "change_message": "[{\"changed\": {\"fields\": [\"\\u0426\\u0435\\u043d\\u0430\"]}}]"
    }
  },
  {
    "model": "admin.logentry",
    "pk": 44,
    "fields": {
      "action_time": "2023-01-04T14:15:22.605Z",
      "user": 1,
      "content_type": 7,
      "object_id": "13",
      "object_repr": "RTX 3060ti",
      "action_flag": 2,
      "change_message": "[{\"changed\": {\"fields\": [\"\\u0426\\u0435\\u043d\\u0430\"]}}]"
    }
  },
  {
    "model": "admin.logentry",
    "pk": 45,
    "fields": {
      "action_time": "2023-01-04T14:17:05.844Z",
      "user": 1,
      "content_type": 7,
      "object_id": "12",
      "object_repr": "GTX 1660 Super",
      "action_flag": 2,
      "change_message": "[{\"changed\": {\"fields\": [\"\\u0426\\u0435\\u043d\\u0430\"]}}]"
    }
  },
  {
    "model": "admin.logentry",
    "pk": 46,
    "fields": {
      "action_time": "2023-01-04T14:18:42.716Z",
      "user": 1,
      "content_type": 7,
      "object_id": "16",
      "object_repr": "GTX 1650",
      "action_flag": 2,
      "change_message": "[{\"changed\": {\"fields\": [\"\\u0426\\u0435\\u043d\\u0430\"]}}]"
    }
  },
  {
    "model": "admin.logentry",
    "pk": 47,
    "fields": {
      "action_time": "2023-01-04T14:19:17.833Z",
      "user": 1,
      "content_type": 7,
      "object_id": "15",
      "object_repr": "GTX 1050ti",
      "action_flag": 2,
      "change_message": "[{\"changed\": {\"fields\": [\"\\u0426\\u0435\\u043d\\u0430\"]}}]"
    }
  },
  {
    "model": "admin.logentry",
    "pk": 48,
    "fields": {
      "action_time": "2023-01-04T14:22:21.984Z",
      "user": 1,
      "content_type": 7,
      "object_id": "4",
      "object_repr": "Radeon  RX 6700 XT",
      "action_flag": 2,
      "change_message": "[{\"changed\": {\"fields\": [\"\\u0426\\u0435\\u043d\\u0430\"]}}]"
    }
  },
  {
    "model": "admin.logentry",
    "pk": 49,
    "fields": {
      "action_time": "2023-01-04T14:23:28.639Z",
      "user": 1,
      "content_type": 7,
      "object_id": "7",
      "object_repr": "RTX 3060",
      "action_flag": 2,
      "change_message": "[{\"changed\": {\"fields\": [\"\\u0426\\u0435\\u043d\\u0430\", \"\\u0412\\u0435\\u043d\\u0434\\u043e\\u0440\"]}}]"
    }
  },
  {
    "model": "admin.logentry",
    "pk": 50,
    "fields": {
      "action_time": "2023-01-04T14:23:40.761Z",
      "user": 1,
      "content_type": 7,
      "object_id": "5",
      "object_repr": "RTX 3090",
      "action_flag": 2,
      "change_message": "[{\"changed\": {\"fields\": [\"\\u0412\\u0435\\u043d\\u0434\\u043e\\u0440\"]}}]"
    }
  },
  {
    "model": "admin.logentry",
    "pk": 51,
    "fields": {
      "action_time": "2023-01-04T14:23:57.199Z",
      "user": 1,
      "content_type": 7,
      "object_id": "6",
      "object_repr": "RTX 2060",
      "action_flag": 2,
      "change_message": "[{\"changed\": {\"fields\": [\"\\u0412\\u0435\\u043d\\u0434\\u043e\\u0440\"]}}]"
    }
  },
  {
    "model": "admin.logentry",
    "pk": 52,
    "fields": {
      "action_time": "2023-01-04T14:25:08.642Z",
      "user": 1,
      "content_type": 7,
      "object_id": "6",
      "object_repr": "RTX 2060",
      "action_flag": 2,
      "change_message": "[{\"changed\": {\"fields\": [\"\\u0426\\u0435\\u043d\\u0430\"]}}]"
    }
  },
  {
    "model": "admin.logentry",
    "pk": 53,
    "fields": {
      "action_time": "2023-01-04T14:25:22.056Z",
      "user": 1,
      "content_type": 7,
      "object_id": "5",
      "object_repr": "RTX 3090",
      "action_flag": 2,
      "change_message": "[{\"changed\": {\"fields\": [\"\\u0426\\u0435\\u043d\\u0430\"]}}]"
    }
  },
  {
    "model": "admin.logentry",
    "pk": 54,
    "fields": {
      "action_time": "2023-01-05T14:47:24.613Z",
      "user": 1,
      "content_type": 9,
      "object_id": "1",
      "object_repr": "VideocardInfo object (1)",
      "action_flag": 1,
      "change_message": "[{\"added\": {}}]"
    }
  },
  {
    "model": "admin.logentry",
    "pk": 55,
    "fields": {
      "action_time": "2023-01-05T15:04:57.475Z",
      "user": 1,
      "content_type": 7,
      "object_id": "21",
      "object_repr": "RX6900XTX",
      "action_flag": 1,
      "change_message": "[{\"added\": {}}]"
    }
  },
  {
    "model": "admin.logentry",
    "pk": 56,
    "fields": {
      "action_time": "2023-01-05T15:05:19.707Z",
      "user": 1,
      "content_type": 7,
      "object_id": "21",
      "object_repr": "RX6900 XTX",
      "action_flag": 2,
      "change_message": "[{\"changed\": {\"fields\": [\"\\u041d\\u0430\\u0437\\u0432\\u0430\\u043d\\u0438\\u0435\"]}}]"
    }
  },
  {
    "model": "admin.logentry",
    "pk": 57,
    "fields": {
      "action_time": "2023-01-05T15:13:52.941Z",
      "user": 1,
      "content_type": 9,
      "object_id": "1",
      "object_repr": "VideocardInfo object (1)",
      "action_flag": 1,
      "change_message": "[{\"added\": {}}]"
    }
  },
  {
    "model": "admin.logentry",
    "pk": 58,
    "fields": {
      "action_time": "2023-01-07T08:22:41.122Z",
      "user": 1,
      "content_type": 9,
      "object_id": "1",
      "object_repr": "RTX 2060",
      "action_flag": 2,
      "change_message": "[{\"changed\": {\"fields\": [\"Interface\"]}}]"
    }
  },
  {
    "model": "admin.logentry",
    "pk": 59,
    "fields": {
      "action_time": "2023-01-07T08:27:00.884Z",
      "user": 1,
      "content_type": 9,
      "object_id": "1",
      "object_repr": "RTX 2060",
      "action_flag": 2,
      "change_message": "[{\"changed\": {\"fields\": [\"Core frequency\", \"Core count\", \"Memory frequency\", \"Memory volume\", \"Memory band width\", \"Recommended energy supply\"]}}]"
    }
  },
  {
    "model": "admin.logentry",
    "pk": 60,
    "fields": {
      "action_time": "2023-01-07T08:30:15.092Z",
      "user": 1,
      "content_type": 9,
      "object_id": "2",
      "object_repr": "RX 6700 XT",
      "action_flag": 1,
      "change_message": "[{\"added\": {}}]"
    }
  },
  {
    "model": "admin.logentry",
    "pk": 61,
    "fields": {
      "action_time": "2023-01-07T08:30:19.633Z",
      "user": 1,
      "content_type": 9,
      "object_id": "2",
      "object_repr": "RX 6700 XT",
      "action_flag": 2,
      "change_message": "[]"
    }
  },
  {
    "model": "admin.logentry",
    "pk": 62,
    "fields": {
      "action_time": "2023-01-07T08:30:22.230Z",
      "user": 1,
      "content_type": 9,
      "object_id": "1",
      "object_repr": "RTX 2060",
      "action_flag": 2,
      "change_message": "[]"
    }
  },
  {
    "model": "admin.logentry",
    "pk": 63,
    "fields": {
      "action_time": "2023-01-07T08:32:28.462Z",
      "user": 1,
      "content_type": 9,
      "object_id": "3",
      "object_repr": "RTX 3090",
      "action_flag": 1,
      "change_message": "[{\"added\": {}}]"
    }
  },
  {
    "model": "admin.logentry",
    "pk": 64,
    "fields": {
      "action_time": "2023-01-07T08:33:23.818Z",
      "user": 1,
      "content_type": 9,
      "object_id": "2",
      "object_repr": "RX 6700 XT",
      "action_flag": 2,
      "change_message": "[]"
    }
  },
  {
    "model": "admin.logentry",
    "pk": 65,
    "fields": {
      "action_time": "2023-01-07T08:35:00.623Z",
      "user": 1,
      "content_type": 9,
      "object_id": "4",
      "object_repr": "RTX 3060",
      "action_flag": 1,
      "change_message": "[{\"added\": {}}]"
    }
  },
  {
    "model": "admin.logentry",
    "pk": 66,
    "fields": {
      "action_time": "2023-01-07T08:36:20.990Z",
      "user": 1,
      "content_type": 9,
      "object_id": "5",
      "object_repr": "RTX 3050",
      "action_flag": 1,
      "change_message": "[{\"added\": {}}]"
    }
  },
  {
    "model": "admin.logentry",
    "pk": 67,
    "fields": {
      "action_time": "2023-01-07T08:39:27.294Z",
      "user": 1,
      "content_type": 9,
      "object_id": "6",
      "object_repr": "GT 1030",
      "action_flag": 1,
      "change_message": "[{\"added\": {}}]"
    }
  },
  {
    "model": "admin.logentry",
    "pk": 68,
    "fields": {
      "action_time": "2023-01-07T08:40:27.463Z",
      "user": 1,
      "content_type": 9,
      "object_id": "7",
      "object_repr": "GTX 1660 Super",
      "action_flag": 1,
      "change_message": "[{\"added\": {}}]"
    }
  },
  {
    "model": "admin.logentry",
    "pk": 69,
    "fields": {
      "action_time": "2023-01-07T08:41:36.850Z",
      "user": 1,
      "content_type": 9,
      "object_id": "8",
      "object_repr": "RTX 3060 Ti",
      "action_flag": 1,
      "change_message": "[{\"added\": {}}]"
    }
  },
  {
    "model": "admin.logentry",
    "pk": 70,
    "fields": {
      "action_time": "2023-01-07T08:46:22.288Z",
      "user": 1,
      "content_type": 9,
      "object_id": "9",
      "object_repr": "RTX 4080",
      "action_flag": 1,
      "change_message": "[{\"added\": {}}]"
    }
  },
  {
    "model": "admin.logentry",
    "pk": 71,
    "fields": {
      "action_time": "2023-01-07T08:47:27.942Z",
      "user": 1,
      "content_type": 9,
      "object_id": "10",
      "object_repr": "GTX 1050ti",
      "action_flag": 1,
      "change_message": "[{\"added\": {}}]"
    }
  },
  {
    "model": "admin.logentry",
    "pk": 72,
    "fields": {
      "action_time": "2023-01-07T08:48:23.746Z",
      "user": 1,
      "content_type": 9,
      "object_id": "11",
      "object_repr": "GTX 1650",
      "action_flag": 1,
      "change_message": "[{\"added\": {}}]"
    }
  },
  {
    "model": "admin.logentry",
    "pk": 73,
    "fields": {
      "action_time": "2023-01-07T08:51:26.094Z",
      "user": 1,
      "content_type": 9,
      "object_id": "12",
      "object_repr": "RX 6900 XTX",
      "action_flag": 1,
      "change_message": "[{\"added\": {}}]"
    }
  },
  {
    "model": "admin.logentry",
    "pk": 74,
    "fields": {
      "action_time": "2023-01-07T08:51:38.070Z",
      "user": 1,
      "content_type": 7,
      "object_id": "21",
      "object_repr": "RX6900 XTX",
      "action_flag": 2,
      "change_message": "[{\"changed\": {\"fields\": [\"Info\"]}}]"
    }
  },
  {
    "model": "admin.logentry",
    "pk": 75,
    "fields": {
      "action_time": "2023-01-07T08:51:45.992Z",
      "user": 1,
      "content_type": 7,
      "object_id": "20",
      "object_repr": "RTX 3050",
      "action_flag": 2,
      "change_message": "[{\"changed\": {\"fields\": [\"Info\"]}}]"
    }
  },
  {
    "model": "admin.logentry",
    "pk": 76,
    "fields": {
      "action_time": "2023-01-07T08:51:52.129Z",
      "user": 1,
      "content_type": 7,
      "object_id": "19",
      "object_repr": "RTX 3050",
      "action_flag": 2,
      "change_message": "[{\"changed\": {\"fields\": [\"Info\"]}}]"
    }
  },
  {
    "model": "admin.logentry",
    "pk": 77,
    "fields": {
      "action_time": "2023-01-07T08:52:00.177Z",
      "user": 1,
      "content_type": 7,
      "object_id": "18",
      "object_repr": "RTX 3060ti",
      "action_flag": 2,
      "change_message": "[{\"changed\": {\"fields\": [\"Info\"]}}]"
    }
  },
  {
    "model": "admin.logentry",
    "pk": 78,
    "fields": {
      "action_time": "2023-01-07T08:52:06.843Z",
      "user": 1,
      "content_type": 7,
      "object_id": "16",
      "object_repr": "GTX 1650",
      "action_flag": 2,
      "change_message": "[{\"changed\": {\"fields\": [\"Info\"]}}]"
    }
  },
  {
    "model": "admin.logentry",
    "pk": 79,
    "fields": {
      "action_time": "2023-01-07T08:52:12.808Z",
      "user": 1,
      "content_type": 7,
      "object_id": "15",
      "object_repr": "GTX 1050ti",
      "action_flag": 2,
      "change_message": "[{\"changed\": {\"fields\": [\"Info\"]}}]"
    }
  },
  {
    "model": "admin.logentry",
    "pk": 80,
    "fields": {
      "action_time": "2023-01-07T08:52:17.320Z",
      "user": 1,
      "content_type": 7,
      "object_id": "14",
      "object_repr": "RTX 4080",
      "action_flag": 2,
      "change_message": "[{\"changed\": {\"fields\": [\"Info\"]}}]"
    }
  },
  {
    "model": "admin.logentry",
    "pk": 81,
    "fields": {
      "action_time": "2023-01-07T08:52:24.729Z",
      "user": 1,
      "content_type": 7,
      "object_id": "13",
      "object_repr": "RTX 3060ti",
      "action_flag": 2,
      "change_message": "[{\"changed\": {\"fields\": [\"Info\"]}}]"
    }
  },
  {
    "model": "admin.logentry",
    "pk": 82,
    "fields": {
      "action_time": "2023-01-07T08:52:34.690Z",
      "user": 1,
      "content_type": 9,
      "object_id": "8",
      "object_repr": "RTX 3060ti",
      "action_flag": 2,
      "change_message": "[{\"changed\": {\"fields\": [\"Name\"]}}]"
    }
  },
  {
    "model": "admin.logentry",
    "pk": 83,
    "fields": {
      "action_time": "2023-01-07T08:52:47.361Z",
      "user": 1,
      "content_type": 7,
      "object_id": "13",
      "object_repr": "RTX 3060ti",
      "action_flag": 2,
      "change_message": "[]"
    }
  },
  {
    "model": "admin.logentry",
    "pk": 84,
    "fields": {
      "action_time": "2023-01-07T08:52:56.465Z",
      "user": 1,
      "content_type": 7,
      "object_id": "12",
      "object_repr": "GTX 1660 Super",
      "action_flag": 2,
      "change_message": "[{\"changed\": {\"fields\": [\"Info\"]}}]"
    }
  },
  {
    "model": "admin.logentry",
    "pk": 85,
    "fields": {
      "action_time": "2023-01-07T08:53:00.568Z",
      "user": 1,
      "content_type": 7,
      "object_id": "13",
      "object_repr": "RTX 3060ti",
      "action_flag": 2,
      "change_message": "[]"
    }
  },
  {
    "model": "admin.logentry",
    "pk": 86,
    "fields": {
      "action_time": "2023-01-07T08:53:11.159Z",
      "user": 1,
      "content_type": 7,
      "object_id": "11",
      "object_repr": "RTX 3050",
      "action_flag": 2,
      "change_message": "[{\"changed\": {\"fields\": [\"Info\"]}}]"
    }
  },
  {
    "model": "admin.logentry",
    "pk": 87,
    "fields": {
      "action_time": "2023-01-07T08:53:23.067Z",
      "user": 1,
      "content_type": 7,
      "object_id": "10",
      "object_repr": "GT 1030 OC",
      "action_flag": 2,
      "change_message": "[{\"changed\": {\"fields\": [\"\\u041d\\u0430\\u0437\\u0432\\u0430\\u043d\\u0438\\u0435\", \"Info\"]}}]"
    }
  },
  {
    "model": "admin.logentry",
    "pk": 88,
    "fields": {
      "action_time": "2023-01-07T08:53:32.828Z",
      "user": 1,
      "content_type": 7,
      "object_id": "9",
      "object_repr": "RTX 3050",
      "action_flag": 2,
      "change_message": "[{\"changed\": {\"fields\": [\"Info\"]}}]"
    }
  },
  {
    "model": "admin.logentry",
    "pk": 89,
    "fields": {
      "action_time": "2023-01-07T08:53:41.379Z",
      "user": 1,
      "content_type": 7,
      "object_id": "8",
      "object_repr": "RTX 3050 OC",
      "action_flag": 2,
      "change_message": "[{\"changed\": {\"fields\": [\"Info\"]}}]"
    }
  },
  {
    "model": "admin.logentry",
    "pk": 90,
    "fields": {
      "action_time": "2023-01-07T08:53:47.898Z",
      "user": 1,
      "content_type": 7,
      "object_id": "7",
      "object_repr": "RTX 3060",
      "action_flag": 2,
      "change_message": "[{\"changed\": {\"fields\": [\"Info\"]}}]"
    }
  },
  {
    "model": "admin.logentry",
    "pk": 91,
    "fields": {
      "action_time": "2023-01-07T08:53:52.889Z",
      "user": 1,
      "content_type": 7,
      "object_id": "6",
      "object_repr": "RTX 2060",
      "action_flag": 2,
      "change_message": "[]"
    }
  },
  {
    "model": "admin.logentry",
    "pk": 92,
    "fields": {
      "action_time": "2023-01-07T08:54:02.386Z",
      "user": 1,
      "content_type": 7,
      "object_id": "5",
      "object_repr": "RTX 3090",
      "action_flag": 2,
      "change_message": "[{\"changed\": {\"fields\": [\"Info\"]}}]"
    }
  },
  {
    "model": "admin.logentry",
    "pk": 93,
    "fields": {
      "action_time": "2023-01-07T08:54:09.429Z",
      "user": 1,
      "content_type": 7,
      "object_id": "4",
      "object_repr": "Radeon  RX 6700 XT",
      "action_flag": 2,
      "change_message": "[{\"changed\": {\"fields\": [\"Info\"]}}]"
    }
  },
  {
    "model": "admin.logentry",
    "pk": 94,
    "fields": {
      "action_time": "2023-01-07T10:59:00.985Z",
      "user": 1,
      "content_type": 9,
      "object_id": "3",
      "object_repr": "RTX 3090",
      "action_flag": 2,
      "change_message": "[{\"changed\": {\"fields\": [\"Memory type\"]}}]"
    }
  },
  {
    "model": "admin.logentry",
    "pk": 95,
    "fields": {
      "action_time": "2023-01-07T10:59:06.530Z",
      "user": 1,
      "content_type": 9,
      "object_id": "9",
      "object_repr": "RTX 4080",
      "action_flag": 2,
      "change_message": "[{\"changed\": {\"fields\": [\"Memory type\"]}}]"
    }
  },
  {
    "model": "admin.logentry",
    "pk": 96,
    "fields": {
      "action_time": "2023-01-07T10:59:12.568Z",
      "user": 1,
      "content_type": 9,
      "object_id": "3",
      "object_repr": "RTX 3090",
      "action_flag": 2,
      "change_message": "[]"
    }
  },
  {
    "model": "admin.logentry",
    "pk": 97,
    "fields": {
      "action_time": "2023-01-07T10:59:21.713Z",
      "user": 1,
      "content_type": 9,
      "object_id": "12",
      "object_repr": "RX 6900 XTX",
      "action_flag": 2,
      "change_message": "[{\"changed\": {\"fields\": [\"Memory type\"]}}]"
    }
  },
  {
    "model": "admin.logentry",
    "pk": 98,
    "fields": {
      "action_time": "2023-03-04T09:57:13.297Z",
      "user": 1,
      "content_type": 7,
      "object_id": "21",
      "object_repr": "RX6900 XTX",
      "action_flag": 2,
      "change_message": "[{\"changed\": {\"fields\": [\"\\u0418\\u0437\\u043e\\u0431\\u0440\\u0430\\u0436\\u0435\\u043d\\u0438\\u0435\"]}}]"
    }
  },
  {
    "model": "admin.logentry",
    "pk": 99,
    "fields": {
      "action_time": "2023-03-04T09:59:15.984Z",
      "user": 1,
      "content_type": 9,
      "object_id": "12",
      "object_repr": "RX 6900 XTX",
      "action_flag": 2,
      "change_message": "[{\"changed\": {\"fields\": [\"Core count\", \"Memory frequency\"]}}]"
    }
  },
  {
    "model": "admin.logentry",
    "pk": 100,
    "fields": {
      "action_time": "2023-03-14T06:52:56.442Z",
      "user": 1,
      "content_type": 12,
      "object_id": "1",
      "object_repr": "Discount object (1)",
      "action_flag": 1,
      "change_message": "[{\"added\": {}}]"
    }
  },
  {
    "model": "admin.logentry",
    "pk": 101,
    "fields": {
      "action_time": "2023-03-14T06:53:10.870Z",
      "user": 1,
      "content_type": 12,
      "object_id": "2",
      "object_repr": "Discount object (2)",
      "action_flag": 1,
      "change_message": "[{\"added\": {}}]"
    }
  },
  {
    "model": "admin.logentry",
    "pk": 102,
    "fields": {
      "action_time": "2023-03-14T06:53:23.040Z",
      "user": 1,
      "content_type": 12,
      "object_id": "3",
      "object_repr": "Discount object (3)",
      "action_flag": 1,
      "change_message": "[{\"added\": {}}]"
    }
  },
  {
    "model": "admin.logentry",
    "pk": 103,
    "fields": {
      "action_time": "2023-03-14T07:05:04.675Z",
      "user": 1,
      "content_type": 8,
      "object_id": "1",
      "object_repr": "admin",
      "action_flag": 2,
      "change_message": "[{\"changed\": {\"fields\": [\"Discount\"]}}]"
    }
  },
  {
    "model": "admin.logentry",
    "pk": 104,
    "fields": {
      "action_time": "2023-03-14T07:05:08.846Z",
      "user": 1,
      "content_type": 8,
      "object_id": "2",
      "object_repr": "Billy",
      "action_flag": 2,
      "change_message": "[{\"changed\": {\"fields\": [\"Discount\"]}}]"
    }
  },
  {
    "model": "admin.logentry",
    "pk": 105,
    "fields": {
      "action_time": "2023-03-19T08:20:10.628Z",
      "user": 1,
      "content_type": 8,
      "object_id": "7",
      "object_repr": "Osmolo",
      "action_flag": 2,
      "change_message": "[]"
    }
  },
  {
    "model": "admin.logentry",
    "pk": 106,
    "fields": {
      "action_time": "2023-03-24T06:29:57.908Z",
      "user": 1,
      "content_type": 12,
      "object_id": "1",
      "object_repr": "Bronze",
      "action_flag": 2,
      "change_message": "[{\"changed\": {\"fields\": [\"Required sum\"]}}]"
    }
  },
  {
    "model": "admin.logentry",
    "pk": 107,
    "fields": {
      "action_time": "2023-03-24T06:30:04.511Z",
      "user": 1,
      "content_type": 12,
      "object_id": "2",
      "object_repr": "Silver",
      "action_flag": 2,
      "change_message": "[{\"changed\": {\"fields\": [\"Required sum\"]}}]"
    }
  },
  {
    "model": "admin.logentry",
    "pk": 108,
    "fields": {
      "action_time": "2023-03-24T06:30:10.466Z",
      "user": 1,
      "content_type": 12,
      "object_id": "3",
      "object_repr": "Gold",
      "action_flag": 2,
      "change_message": "[{\"changed\": {\"fields\": [\"Required sum\"]}}]"
    }
  },
  {
    "model": "admin.logentry",
    "pk": 109,
    "fields": {
      "action_time": "2023-03-24T06:41:52.721Z",
      "user": 1,
      "content_type": 8,
      "object_id": "1",
      "object_repr": "admin",
      "action_flag": 2,
      "change_message": "[]"
    }
  },
  {
    "model": "admin.logentry",
    "pk": 110,
    "fields": {
      "action_time": "2023-03-24T06:42:44.459Z",
      "user": 1,
      "content_type": 12,
      "object_id": "4",
      "object_repr": "┴хч ёъшфъш",
      "action_flag": 1,
      "change_message": "[{\"added\": {}}]"
    }
  },
  {
    "model": "admin.logentry",
    "pk": 111,
    "fields": {
      "action_time": "2023-03-24T06:43:36.313Z",
      "user": 1,
      "content_type": 8,
      "object_id": "1",
      "object_repr": "admin",
      "action_flag": 2,
      "change_message": "[{\"changed\": {\"fields\": [\"Discount\"]}}]"
    }
  },
  {
    "model": "admin.logentry",
    "pk": 112,
    "fields": {
      "action_time": "2023-03-24T07:08:52.390Z",
      "user": 1,
      "content_type": 8,
      "object_id": "1",
      "object_repr": "admin",
      "action_flag": 2,
      "change_message": "[{\"changed\": {\"fields\": [\"Total sum\"]}}]"
    }
  },
  {
    "model": "admin.logentry",
    "pk": 113,
    "fields": {
      "action_time": "2023-03-24T18:15:29.969Z",
      "user": 1,
      "content_type": 8,
      "object_id": "1",
      "object_repr": "admin",
      "action_flag": 2,
      "change_message": "[{\"changed\": {\"fields\": [\"Total sum\"]}}]"
    }
  },
  {
    "model": "admin.logentry",
    "pk": 114,
    "fields": {
      "action_time": "2023-03-29T06:32:32.589Z",
      "user": 1,
      "content_type": 12,
      "object_id": "2",
      "object_repr": "Silver",
      "action_flag": 2,
      "change_message": "[{\"changed\": {\"fields\": [\"Required sum\"]}}]"
    }
  },
  {
    "model": "admin.logentry",
    "pk": 115,
    "fields": {
      "action_time": "2023-03-29T06:32:38.597Z",
      "user": 1,
      "content_type": 12,
      "object_id": "3",
      "object_repr": "Gold",
      "action_flag": 2,
      "change_message": "[{\"changed\": {\"fields\": [\"Required sum\"]}}]"
    }
  },
  {
    "model": "admin.logentry",
    "pk": 116,
    "fields": {
      "action_time": "2023-03-29T06:32:43.620Z",
      "user": 1,
      "content_type": 12,
      "object_id": "1",
      "object_repr": "Bronze",
      "action_flag": 2,
      "change_message": "[{\"changed\": {\"fields\": [\"Required sum\"]}}]"
    }
  },
  {
    "model": "admin.logentry",
    "pk": 117,
    "fields": {
      "action_time": "2023-04-08T15:17:10.012Z",
      "user": 1,
      "content_type": 7,
      "object_id": "21",
      "object_repr": "RX6900 XTX",
      "action_flag": 2,
      "change_message": "[{\"changed\": {\"fields\": [\"\\u0418\\u0437\\u043e\\u0431\\u0440\\u0430\\u0436\\u0435\\u043d\\u0438\\u0435\"]}}]"
    }
  },
  {
    "model": "admin.logentry",
    "pk": 118,
    "fields": {
      "action_time": "2023-04-11T16:29:21.305Z",
      "user": 1,
      "content_type": 4,
      "object_id": "1",
      "object_repr": "admin",
      "action_flag": 2,
      "change_message": "[{\"changed\": {\"fields\": [\"User permissions\"]}}]"
    }
  },
  {
    "model": "admin.logentry",
    "pk": 119,
    "fields": {
      "action_time": "2023-04-14T13:26:39.572Z",
      "user": 1,
      "content_type": 9,
      "object_id": "13",
      "object_repr": "RTX 4090",
      "action_flag": 1,
      "change_message": "[{\"added\": {}}]"
    }
  },
  {
    "model": "admin.logentry",
    "pk": 120,
    "fields": {
      "action_time": "2023-04-14T13:27:14.565Z",
      "user": 1,
      "content_type": 7,
      "object_id": "25",
      "object_repr": "RTX 4090",
      "action_flag": 1,
      "change_message": "[{\"added\": {}}]"
    }
  },
  {
    "model": "admin.logentry",
    "pk": 121,
    "fields": {
      "action_time": "2023-04-14T13:35:41.101Z",
      "user": 1,
      "content_type": 7,
      "object_id": "25",
      "object_repr": "RTX 4090",
      "action_flag": 2,
      "change_message": "[{\"changed\": {\"fields\": [\"\\u0418\\u0437\\u043e\\u0431\\u0440\\u0430\\u0436\\u0435\\u043d\\u0438\\u0435\"]}}]"
    }
  },
  {
    "model": "admin.logentry",
    "pk": 122,
    "fields": {
      "action_time": "2023-04-14T13:36:11.611Z",
      "user": 1,
      "content_type": 7,
      "object_id": "25",
      "object_repr": "RTX 4090",
      "action_flag": 2,
      "change_message": "[{\"changed\": {\"fields\": [\"\\u0418\\u0437\\u043e\\u0431\\u0440\\u0430\\u0436\\u0435\\u043d\\u0438\\u0435\", \"\\u0418\\u0437\\u043e\\u0431\\u0440\\u0430\\u0436\\u0435\\u043d\\u0438\\u0435 \\u0431\\u043e\\u043b\\u044c\\u0448\\u043e\\u0435\"]}}]"
    }
  },
  {
    "model": "admin.logentry",
    "pk": 123,
    "fields": {
      "action_time": "2023-04-14T13:51:04.430Z",
      "user": 1,
      "content_type": 7,
      "object_id": "25",
      "object_repr": "RTX 4090",
      "action_flag": 2,
      "change_message": "[{\"changed\": {\"fields\": [\"\\u0418\\u0437\\u043e\\u0431\\u0440\\u0430\\u0436\\u0435\\u043d\\u0438\\u0435\", \"\\u0418\\u0437\\u043e\\u0431\\u0440\\u0430\\u0436\\u0435\\u043d\\u0438\\u0435 \\u0431\\u043e\\u043b\\u044c\\u0448\\u043e\\u0435\"]}}]"
    }
  },
  {
    "model": "admin.logentry",
    "pk": 124,
    "fields": {
      "action_time": "2023-04-14T13:56:10.295Z",
      "user": 1,
      "content_type": 7,
      "object_id": "21",
      "object_repr": "RX6900 XTX",
      "action_flag": 2,
      "change_message": "[{\"changed\": {\"fields\": [\"\\u0418\\u0437\\u043e\\u0431\\u0440\\u0430\\u0436\\u0435\\u043d\\u0438\\u0435\"]}}]"
    }
  },
  {
    "model": "admin.logentry",
    "pk": 125,
    "fields": {
      "action_time": "2023-04-14T14:02:36.117Z",
      "user": 1,
      "content_type": 7,
      "object_id": "21",
      "object_repr": "RX6900 XTX",
      "action_flag": 2,
      "change_message": "[{\"changed\": {\"fields\": [\"\\u0418\\u0437\\u043e\\u0431\\u0440\\u0430\\u0436\\u0435\\u043d\\u0438\\u0435 \\u0431\\u043e\\u043b\\u044c\\u0448\\u043e\\u0435\"]}}]"
    }
  },
  {
    "model": "admin.logentry",
    "pk": 126,
    "fields": {
      "action_time": "2023-04-14T14:08:29.708Z",
      "user": 1,
      "content_type": 7,
      "object_id": "21",
      "object_repr": "RX6900 XTX",
      "action_flag": 2,
      "change_message": "[{\"changed\": {\"fields\": [\"\\u0418\\u0437\\u043e\\u0431\\u0440\\u0430\\u0436\\u0435\\u043d\\u0438\\u0435\"]}}]"
    }
  },
  {
    "model": "admin.logentry",
    "pk": 127,
    "fields": {
      "action_time": "2023-04-18T10:31:04.736Z",
      "user": 1,
      "content_type": 4,
      "object_id": "3",
      "object_repr": "Billy",
      "action_flag": 2,
      "change_message": "[{\"changed\": {\"fields\": [\"User permissions\"]}}]"
    }
  },
  {
    "model": "admin.logentry",
    "pk": 128,
    "fields": {
      "action_time": "2023-04-18T10:32:57.696Z",
      "user": 1,
      "content_type": 4,
      "object_id": "11",
      "object_repr": "test",
      "action_flag": 2,
      "change_message": "[{\"changed\": {\"fields\": [\"User permissions\"]}}]"
    }
  },
  {
    "model": "admin.logentry",
    "pk": 129,
    "fields": {
      "action_time": "2023-04-18T10:35:02.632Z",
      "user": 1,
      "content_type": 4,
      "object_id": "11",
      "object_repr": "test",
      "action_flag": 2,
      "change_message": "[]"
    }
  },
  {
    "model": "admin.logentry",
    "pk": 130,
    "fields": {
      "action_time": "2023-04-18T16:39:13.415Z",
      "user": 1,
      "content_type": 4,
      "object_id": "3",
      "object_repr": "Billy",
      "action_flag": 2,
      "change_message": "[{\"changed\": {\"fields\": [\"password\"]}}]"
    }
  },
  {
    "model": "admin.logentry",
    "pk": 131,
    "fields": {
      "action_time": "2023-04-18T16:39:50.543Z",
      "user": 1,
      "content_type": 4,
      "object_id": "11",
      "object_repr": "test",
      "action_flag": 2,
      "change_message": "[{\"changed\": {\"fields\": [\"User permissions\"]}}]"
    }
  },
  {
    "model": "auth.permission",
    "pk": 1,
    "fields": {
      "name": "Can add log entry",
      "content_type": 1,
      "codename": "add_logentry"
    }
  },
  {
    "model": "auth.permission",
    "pk": 2,
    "fields": {
      "name": "Can change log entry",
      "content_type": 1,
      "codename": "change_logentry"
    }
  },
  {
    "model": "auth.permission",
    "pk": 3,
    "fields": {
      "name": "Can delete log entry",
      "content_type": 1,
      "codename": "delete_logentry"
    }
  },
  {
    "model": "auth.permission",
    "pk": 4,
    "fields": {
      "name": "Can view log entry",
      "content_type": 1,
      "codename": "view_logentry"
    }
  },
  {
    "model": "auth.permission",
    "pk": 5,
    "fields": {
      "name": "Can add permission",
      "content_type": 2,
      "codename": "add_permission"
    }
  },
  {
    "model": "auth.permission",
    "pk": 6,
    "fields": {
      "name": "Can change permission",
      "content_type": 2,
      "codename": "change_permission"
    }
  },
  {
    "model": "auth.permission",
    "pk": 7,
    "fields": {
      "name": "Can delete permission",
      "content_type": 2,
      "codename": "delete_permission"
    }
  },
  {
    "model": "auth.permission",
    "pk": 8,
    "fields": {
      "name": "Can view permission",
      "content_type": 2,
      "codename": "view_permission"
    }
  },
  {
    "model": "auth.permission",
    "pk": 9,
    "fields": {
      "name": "Can add group",
      "content_type": 3,
      "codename": "add_group"
    }
  },
  {
    "model": "auth.permission",
    "pk": 10,
    "fields": {
      "name": "Can change group",
      "content_type": 3,
      "codename": "change_group"
    }
  },
  {
    "model": "auth.permission",
    "pk": 11,
    "fields": {
      "name": "Can delete group",
      "content_type": 3,
      "codename": "delete_group"
    }
  },
  {
    "model": "auth.permission",
    "pk": 12,
    "fields": {
      "name": "Can view group",
      "content_type": 3,
      "codename": "view_group"
    }
  },
  {
    "model": "auth.permission",
    "pk": 13,
    "fields": {
      "name": "Can add user",
      "content_type": 4,
      "codename": "add_user"
    }
  },
  {
    "model": "auth.permission",
    "pk": 14,
    "fields": {
      "name": "Can change user",
      "content_type": 4,
      "codename": "change_user"
    }
  },
  {
    "model": "auth.permission",
    "pk": 15,
    "fields": {
      "name": "Can delete user",
      "content_type": 4,
      "codename": "delete_user"
    }
  },
  {
    "model": "auth.permission",
    "pk": 16,
    "fields": {
      "name": "Can view user",
      "content_type": 4,
      "codename": "view_user"
    }
  },
  {
    "model": "auth.permission",
    "pk": 17,
    "fields": {
      "name": "Can add content type",
      "content_type": 5,
      "codename": "add_contenttype"
    }
  },
  {
    "model": "auth.permission",
    "pk": 18,
    "fields": {
      "name": "Can change content type",
      "content_type": 5,
      "codename": "change_contenttype"
    }
  },
  {
    "model": "auth.permission",
    "pk": 19,
    "fields": {
      "name": "Can delete content type",
      "content_type": 5,
      "codename": "delete_contenttype"
    }
  },
  {
    "model": "auth.permission",
    "pk": 20,
    "fields": {
      "name": "Can view content type",
      "content_type": 5,
      "codename": "view_contenttype"
    }
  },
  {
    "model": "auth.permission",
    "pk": 21,
    "fields": {
      "name": "Can add session",
      "content_type": 6,
      "codename": "add_session"
    }
  },
  {
    "model": "auth.permission",
    "pk": 22,
    "fields": {
      "name": "Can change session",
      "content_type": 6,
      "codename": "change_session"
    }
  },
  {
    "model": "auth.permission",
    "pk": 23,
    "fields": {
      "name": "Can delete session",
      "content_type": 6,
      "codename": "delete_session"
    }
  },
  {
    "model": "auth.permission",
    "pk": 24,
    "fields": {
      "name": "Can view session",
      "content_type": 6,
      "codename": "view_session"
    }
  },
  {
    "model": "auth.permission",
    "pk": 25,
    "fields": {
      "name": "Can add videocard",
      "content_type": 7,
      "codename": "add_videocard"
    }
  },
  {
    "model": "auth.permission",
    "pk": 26,
    "fields": {
      "name": "Can change videocard",
      "content_type": 7,
      "codename": "change_videocard"
    }
  },
  {
    "model": "auth.permission",
    "pk": 27,
    "fields": {
      "name": "Can delete videocard",
      "content_type": 7,
      "codename": "delete_videocard"
    }
  },
  {
    "model": "auth.permission",
    "pk": 28,
    "fields": {
      "name": "Can view videocard",
      "content_type": 7,
      "codename": "view_videocard"
    }
  },
  {
    "model": "auth.permission",
    "pk": 29,
    "fields": {
      "name": "Can add profile",
      "content_type": 8,
      "codename": "add_profile"
    }
  },
  {
    "model": "auth.permission",
    "pk": 30,
    "fields": {
      "name": "Can change profile",
      "content_type": 8,
      "codename": "change_profile"
    }
  },
  {
    "model": "auth.permission",
    "pk": 31,
    "fields": {
      "name": "Can delete profile",
      "content_type": 8,
      "codename": "delete_profile"
    }
  },
  {
    "model": "auth.permission",
    "pk": 32,
    "fields": {
      "name": "Can view profile",
      "content_type": 8,
      "codename": "view_profile"
    }
  },
  {
    "model": "auth.permission",
    "pk": 33,
    "fields": {
      "name": "╠юцхЄ тхЁшЇшЎшЁютрЄ№",
      "content_type": 8,
      "codename": "can_verificate"
    }
  },
  {
    "model": "auth.permission",
    "pk": 34,
    "fields": {
      "name": "Can add videocard info",
      "content_type": 9,
      "codename": "add_videocardinfo"
    }
  },
  {
    "model": "auth.permission",
    "pk": 35,
    "fields": {
      "name": "Can change videocard info",
      "content_type": 9,
      "codename": "change_videocardinfo"
    }
  },
  {
    "model": "auth.permission",
    "pk": 36,
    "fields": {
      "name": "Can delete videocard info",
      "content_type": 9,
      "codename": "delete_videocardinfo"
    }
  },
  {
    "model": "auth.permission",
    "pk": 37,
    "fields": {
      "name": "Can view videocard info",
      "content_type": 9,
      "codename": "view_videocardinfo"
    }
  },
  {
    "model": "auth.permission",
    "pk": 38,
    "fields": {
      "name": "Can add basket",
      "content_type": 10,
      "codename": "add_basket"
    }
  },
  {
    "model": "auth.permission",
    "pk": 39,
    "fields": {
      "name": "Can change basket",
      "content_type": 10,
      "codename": "change_basket"
    }
  },
  {
    "model": "auth.permission",
    "pk": 40,
    "fields": {
      "name": "Can delete basket",
      "content_type": 10,
      "codename": "delete_basket"
    }
  },
  {
    "model": "auth.permission",
    "pk": 41,
    "fields": {
      "name": "Can view basket",
      "content_type": 10,
      "codename": "view_basket"
    }
  },
  {
    "model": "auth.permission",
    "pk": 42,
    "fields": {
      "name": "Can add order",
      "content_type": 11,
      "codename": "add_order"
    }
  },
  {
    "model": "auth.permission",
    "pk": 43,
    "fields": {
      "name": "Can change order",
      "content_type": 11,
      "codename": "change_order"
    }
  },
  {
    "model": "auth.permission",
    "pk": 44,
    "fields": {
      "name": "Can delete order",
      "content_type": 11,
      "codename": "delete_order"
    }
  },
  {
    "model": "auth.permission",
    "pk": 45,
    "fields": {
      "name": "Can view order",
      "content_type": 11,
      "codename": "view_order"
    }
  },
  {
    "model": "auth.permission",
    "pk": 46,
    "fields": {
      "name": "Can add discount",
      "content_type": 12,
      "codename": "add_discount"
    }
  },
  {
    "model": "auth.permission",
    "pk": 47,
    "fields": {
      "name": "Can change discount",
      "content_type": 12,
      "codename": "change_discount"
    }
  },
  {
    "model": "auth.permission",
    "pk": 48,
    "fields": {
      "name": "Can delete discount",
      "content_type": 12,
      "codename": "delete_discount"
    }
  },
  {
    "model": "auth.permission",
    "pk": 49,
    "fields": {
      "name": "Can view discount",
      "content_type": 12,
      "codename": "view_discount"
    }
  },
  {
    "model": "auth.permission",
    "pk": 50,
    "fields": {
      "name": "Can add order videocard",
      "content_type": 13,
      "codename": "add_ordervideocard"
    }
  },
  {
    "model": "auth.permission",
    "pk": 51,
    "fields": {
      "name": "Can change order videocard",
      "content_type": 13,
      "codename": "change_ordervideocard"
    }
  },
  {
    "model": "auth.permission",
    "pk": 52,
    "fields": {
      "name": "Can delete order videocard",
      "content_type": 13,
      "codename": "delete_ordervideocard"
    }
  },
  {
    "model": "auth.permission",
    "pk": 53,
    "fields": {
      "name": "Can view order videocard",
      "content_type": 13,
      "codename": "view_ordervideocard"
    }
  },
  {
    "model": "auth.user",
    "pk": 1,
    "fields": {
      "password": "pbkdf2_sha256$390000$ZTdbRZccsOk1hyE0PSzdY3$jEywuV7nttEulESeUc9ogqXTMBvwuqfX31NvlMcV1WY=",
      "last_login": "2023-04-21T15:41:32.005Z",
      "is_superuser": true,
      "username": "admin",
      "first_name": "Egor",
      "last_name": "Zinchenko",
      "email": "zicnhenko02051999@gmail.com",
      "is_staff": true,
      "is_active": true,
      "date_joined": "2022-12-28T14:31:50Z",
      "groups": [],
      "user_permissions": [
        1,
        2,
        3,
        4,
        38,
        39,
        40,
        41,
        42,
        43,
        44,
        45,
        50,
        51,
        52,
        53,
        25,
        26,
        27,
        28,
        34,
        35,
        36,
        37,
        46,
        47,
        48,
        49,
        29,
        33,
        30,
        31,
        32,
        9,
        10,
        11,
        12,
        5,
        6,
        7,
        8,
        13,
        14,
        15,
        16,
        17,
        18,
        19,
        20,
        21,
        22,
        23,
        24
      ]
    }
  },
  {
    "model": "auth.user",
    "pk": 3,
    "fields": {
      "password": "pbkdf2_sha256$390000$YyIcqpNG5ALw3tJWCTND1u$jIx46d2zv13CzSONlQp+zc3u95HuqzRgoS0qJWUXcj4=",
      "last_login": "2023-04-18T16:39:29.984Z",
      "is_superuser": false,
      "username": "Billy",
      "first_name": "Billy",
      "last_name": "Herrington",
      "email": "Billy@gmail.com",
      "is_staff": false,
      "is_active": true,
      "date_joined": "2022-12-31T21:52:04Z",
      "groups": [],
      "user_permissions": [
        1,
        2,
        3,
        4,
        38,
        39,
        40,
        41,
        42,
        43,
        44,
        45,
        50,
        51,
        52,
        53,
        25,
        26,
        27,
        28,
        34,
        35,
        36,
        37,
        46,
        47,
        48,
        49,
        29,
        33,
        30,
        31,
        32,
        9,
        10,
        11,
        12,
        5,
        6,
        7,
        8,
        13,
        14,
        15,
        16,
        17,
        18,
        19,
        20,
        21,
        22,
        23,
        24
      ]
    }
  },
  {
    "model": "auth.user",
    "pk": 8,
    "fields": {
      "password": "pbkdf2_sha256$390000$p30Xr2ZaOLnN6z4ZwL3LBb$xkZv+nRO0KUOVIAXRnOQvWZZRlG7wc5pTTt4bPf1vk0=",
      "last_login": "2023-01-01T19:15:53.843Z",
      "is_superuser": false,
      "username": "Osmolo",
      "first_name": "",
      "last_name": "",
      "email": "",
      "is_staff": false,
      "is_active": true,
      "date_joined": "2023-01-01T19:15:34.086Z",
      "groups": [],
      "user_permissions": []
    }
  },
  {
    "model": "auth.user",
    "pk": 11,
    "fields": {
      "password": "pbkdf2_sha256$390000$G7wQJrqh2YO6YajBxkt7Io$L+BIFdoEPdFQL9rtOQueiCvgEu2yRvGse6KZZWLvBSw=",
      "last_login": "2023-04-18T17:07:11.671Z",
      "is_superuser": false,
      "username": "test",
      "first_name": "test",
      "last_name": "test",
      "email": "test@gmail.com",
      "is_staff": false,
      "is_active": true,
      "date_joined": "2023-03-25T07:38:06Z",
      "groups": [],
      "user_permissions": []
    }
  },
  {
    "model": "auth.user",
    "pk": 12,
    "fields": {
      "password": "pbkdf2_sha256$390000$lwB9TNK2FLQfOyyOfpRf2e$+uLG1K4ulr4lCmC4w5TLZ5QnpiGTEqPEzkCFjG23bPw=",
      "last_login": "2023-04-21T14:11:16.487Z",
      "is_superuser": false,
      "username": "test2",
      "first_name": "test2",
      "last_name": "test",
      "email": "test@gmail.com",
      "is_staff": false,
      "is_active": true,
      "date_joined": "2023-04-21T14:11:16.212Z",
      "groups": [],
      "user_permissions": []
    }
  },
  {
    "model": "contenttypes.contenttype",
    "pk": 1,
    "fields": {
      "app_label": "admin",
      "model": "logentry"
    }
  },
  {
    "model": "contenttypes.contenttype",
    "pk": 2,
    "fields": {
      "app_label": "auth",
      "model": "permission"
    }
  },
  {
    "model": "contenttypes.contenttype",
    "pk": 3,
    "fields": {
      "app_label": "auth",
      "model": "group"
    }
  },
  {
    "model": "contenttypes.contenttype",
    "pk": 4,
    "fields": {
      "app_label": "auth",
      "model": "user"
    }
  },
  {
    "model": "contenttypes.contenttype",
    "pk": 5,
    "fields": {
      "app_label": "contenttypes",
      "model": "contenttype"
    }
  },
  {
    "model": "contenttypes.contenttype",
    "pk": 6,
    "fields": {
      "app_label": "sessions",
      "model": "session"
    }
  },
  {
    "model": "contenttypes.contenttype",
    "pk": 7,
    "fields": {
      "app_label": "app_main",
      "model": "videocard"
    }
  },
  {
    "model": "contenttypes.contenttype",
    "pk": 8,
    "fields": {
      "app_label": "app_user",
      "model": "profile"
    }
  },
  {
    "model": "contenttypes.contenttype",
    "pk": 9,
    "fields": {
      "app_label": "app_main",
      "model": "videocardinfo"
    }
  },
  {
    "model": "contenttypes.contenttype",
    "pk": 10,
    "fields": {
      "app_label": "app_basket",
      "model": "basket"
    }
  },
  {
    "model": "contenttypes.contenttype",
    "pk": 11,
    "fields": {
      "app_label": "app_basket",
      "model": "order"
    }
  },
  {
    "model": "contenttypes.contenttype",
    "pk": 12,
    "fields": {
      "app_label": "app_user",
      "model": "discount"
    }
  },
  {
    "model": "contenttypes.contenttype",
    "pk": 13,
    "fields": {
      "app_label": "app_basket",
      "model": "ordervideocard"
    }
  },
  {
    "model": "sessions.session",
    "pk": "0oe5isl8zk12f5mx4outpuvs0hnkacgv",
    "fields": {
      "session_data": ".eJxVjDEOgzAQBP9yNUI2scGmTJ83oDv7HBwik4ApIsTfAxINzRY7s7sC4TxwhnYFfcR3wZRj_kErC_hM0TG0II0QsG0FdLjkvltmnrroDwCXjtANnA7gX5ieY-nGlKdI5aGUJ53Lx-j5fT_dy0GPc7-vg3VsJO3JDVqBKmh0hmqnLNXKG4_iJklYo3XgpqLKOpKqEcFQEJoVbH-Os0Zd:1pPjxB:CSY_mhjb3-1s7gSu5kbCTwmZTOb511pUoXINgOJdlpA",
      "expire_date": "2023-02-22T12:53:37.422Z"
    }
  },
  {
    "model": "sessions.session",
    "pk": "0zwfnv08b02ggrnjuixaijwd3znav8js",
    "fields": {
      "session_data": ".eJxVjMEOgyAQRP9lzw0BCwoee-83mF1YirXBRPBk_Pdq4sXLHOa9mQ0Iy8QV-m1_wIBrTcNaeBnGAD0ouHWEfuJ8gvDF_JmFn3NdRhKnIi5axHsO_Htd7u0gYUnHOjrPVtGR3KGTqKNBb6n12lGrgw0on4qks8ZE7hpqnCelOxktRWlYw_4H6XQ8ug:1ppstH:Wo-vqCwizS3XC6yLVSOmL3BZiOFeBIsoXwqaA_ri55o",
      "expire_date": "2023-05-05T15:41:39.335Z"
    }
  },
  {
    "model": "sessions.session",
    "pk": "6ynkn3i69pnimyy0po248vui5az1rx3g",
    "fields": {
      "session_data": "e30:1pBjVw:p4rQTatJifp_2zwBwEAEHdOByr2Y9dp3trJlOFb2cws",
      "expire_date": "2023-01-14T21:35:36.476Z"
    }
  },
  {
    "model": "sessions.session",
    "pk": "73bnvobrfh051qumddo51h0jb0q362ww",
    "fields": {
      "session_data": "e30:1pC3LI:sI7vU-0jzecA14IO3lylGyE3bQRwB6kgPr-ujU-e8Co",
      "expire_date": "2023-01-15T18:45:56.435Z"
    }
  },
  {
    "model": "sessions.session",
    "pk": "75v41zmlqgqbfg826gt84149njezcpv6",
    "fields": {
      "session_data": "e30:1pBjSQ:ldBl3RhKOlMb76YqB0ic57M2ne3Sh3KWs84AsI58PHc",
      "expire_date": "2023-01-14T21:31:58.985Z"
    }
  },
  {
    "model": "sessions.session",
    "pk": "fc3lld8diqpwqgq6fxve90k0sky3kawf",
    "fields": {
      "session_data": "e30:1pBjVj:1nfL8BMSUfgCHgR-c7KI6ojCgqk3TWa4Gu1Gelu5w74",
      "expire_date": "2023-01-14T21:35:23.013Z"
    }
  },
  {
    "model": "sessions.session",
    "pk": "fhrbgyj73n1j73feul8zgzobhlb9t8p2",
    "fields": {
      "session_data": "e30:1pBjS8:3L0DmN1d_aCUW4NGgdDjByhw_3w06IwQ2pG6aKnA5B4",
      "expire_date": "2023-01-14T21:31:40.724Z"
    }
  },
  {
    "model": "sessions.session",
    "pk": "gk3emf4kexy6z7wxxl3hc24on9uupv2x",
    "fields": {
      "session_data": ".eJxVzU0OgkAMBeC7dE3IDMwvS_eegbQzHUENKAwLY7i7kJgom7fo-9q-ocUld-0y89T2ERqQUPzPCMONh72IVxwuYxnGIU89lTspv-1cnsfI99PXHg50OHfbdvKBnaQt2aIXqJLG4MgE5cmo6CKKWpLwTuvEtqLKB5LKiuQoCc1qO0o43zhD8wa1x3PBIff5BY0u4DH1gbc3trawFmCOQFY_oYzehayPxP6EsQLWdf0ALzlZ6A:1pIrY5:MAtqlD9GzHPxJWwG9wGxiqzczD-RwtBNuBk_OdkyT0c",
      "expire_date": "2023-02-03T13:35:17.606Z"
    }
  },
  {
    "model": "sessions.session",
    "pk": "hjdsz0vbhq2wz44xoqedgua8av71j0hu",
    "fields": {
      "session_data": ".eJxVjkEOgyAQRe_CuiFgUaHL7nsGMgODWi0Y0ZXx7sXERbuZxX__v8zOLGxrb7dMix08ezDJbr8ZghspnsC_IXaJuxTXZUB-VvhFM38lT9Pz6v4Jesh9WQfjSEssl1owAlSowWlsnDLYKK89iLtEYXRdB2orrIxDqVoRNAZRkyrSTDkPKdqp_LFBRxbmOcKHin3ZCkfII63ssR_HFzDnSHc:1pfbfA:h5mdsMuytOMvdwuYxCBrnp_27SrNeroXqcvgDWXB7yg",
      "expire_date": "2023-04-07T07:16:36.527Z"
    }
  },
  {
    "model": "sessions.session",
    "pk": "o8vu18c8450usloqq80nj7j3ew084ps1",
    "fields": {
      "session_data": "e30:1pBjTj:VnoVJWMbLy-Hrm6vBzI088dVXai4zXYlekYAs55E1RU",
      "expire_date": "2023-01-14T21:33:19.392Z"
    }
  },
  {
    "model": "sessions.session",
    "pk": "r05czcomx5ythc246skc74u9bk1gnwrr",
    "fields": {
      "session_data": "e30:1pC3Rb:IB6fC1GqapdRkxAxHHgozLvTrwdAkged0E1O4ybasck",
      "expire_date": "2023-01-15T18:52:27.148Z"
    }
  },
  {
    "model": "app_main.videocardinfo",
    "pk": 1,
    "fields": {
      "name": "RTX 2060",
      "release_date": 2018,
      "interface": "PCI Express x16 3.0",
      "core_frequency": 1365,
      "core_count": 1920,
      "memory_frequency": 3500,
      "memory_type": "",
      "memory_volume": 6,
      "memory_band_width": 192,
      "recommended_energy_supply": 500
    }
  },
  {
    "model": "app_main.videocardinfo",
    "pk": 2,
    "fields": {
      "name": "RX 6700 XT",
      "release_date": 2021,
      "interface": "PCI Express x16 4.0",
      "core_frequency": 2321,
      "core_count": 2560,
      "memory_frequency": 16000,
      "memory_type": "",
      "memory_volume": 12,
      "memory_band_width": 256,
      "recommended_energy_supply": 650
    }
  },
  {
    "model": "app_main.videocardinfo",
    "pk": 3,
    "fields": {
      "name": "RTX 3090",
      "release_date": 2020,
      "interface": "PCI Express x16 4.0",
      "core_frequency": 1400,
      "core_count": 10496,
      "memory_frequency": 4875,
      "memory_type": "GDDR6x",
      "memory_volume": 24,
      "memory_band_width": 384,
      "recommended_energy_supply": 750
    }
  },
  {
    "model": "app_main.videocardinfo",
    "pk": 4,
    "fields": {
      "name": "RTX 3060",
      "release_date": 2021,
      "interface": "PCI Express x16 4.0",
      "core_frequency": 1320,
      "core_count": 3584,
      "memory_frequency": 15000,
      "memory_type": "",
      "memory_volume": 16,
      "memory_band_width": 192,
      "recommended_energy_supply": 550
    }
  },
  {
    "model": "app_main.videocardinfo",
    "pk": 5,
    "fields": {
      "name": "RTX 3050",
      "release_date": 2022,
      "interface": "PCI Express x16 4.0 (ЁрсюЄрхЄ т Ёхцшьх x8)",
      "core_frequency": 1550,
      "core_count": 2560,
      "memory_frequency": 14000,
      "memory_type": "",
      "memory_volume": 8,
      "memory_band_width": 128,
      "recommended_energy_supply": 550
    }
  },
  {
    "model": "app_main.videocardinfo",
    "pk": 6,
    "fields": {
      "name": "GT 1030",
      "release_date": 2017,
      "interface": "PCI Express x16 3.0",
      "core_frequency": 1265,
      "core_count": 384,
      "memory_frequency": 1502,
      "memory_type": "",
      "memory_volume": 2,
      "memory_band_width": 64,
      "recommended_energy_supply": 300
    }
  },
  {
    "model": "app_main.videocardinfo",
    "pk": 7,
    "fields": {
      "name": "GTX 1660 Super",
      "release_date": 2019,
      "interface": "PCI Express x16 3.0",
      "core_frequency": 1530,
      "core_count": 1408,
      "memory_frequency": 3500,
      "memory_type": "",
      "memory_volume": 6,
      "memory_band_width": 192,
      "recommended_energy_supply": 450
    }
  },
  {
    "model": "app_main.videocardinfo",
    "pk": 8,
    "fields": {
      "name": "RTX 3060ti",
      "release_date": 2021,
      "interface": "PCI Express x16 4.0",
      "core_frequency": 1410,
      "core_count": 4864,
      "memory_frequency": 14000,
      "memory_type": "",
      "memory_volume": 8,
      "memory_band_width": 256,
      "recommended_energy_supply": 600
    }
  },
  {
    "model": "app_main.videocardinfo",
    "pk": 9,
    "fields": {
      "name": "RTX 4080",
      "release_date": 2022,
      "interface": "PCI Express x16 4.0",
      "core_frequency": 2210,
      "core_count": 9728,
      "memory_frequency": 0,
      "memory_type": "GDDR6x",
      "memory_volume": 16,
      "memory_band_width": 256,
      "recommended_energy_supply": 850
    }
  },
  {
    "model": "app_main.videocardinfo",
    "pk": 10,
    "fields": {
      "name": "GTX 1050ti",
      "release_date": 2016,
      "interface": "PCI Express x16 3.0",
      "core_frequency": 1290,
      "core_count": 768,
      "memory_frequency": 1750,
      "memory_type": "",
      "memory_volume": 4,
      "memory_band_width": 128,
      "recommended_energy_supply": 300
    }
  },
  {
    "model": "app_main.videocardinfo",
    "pk": 11,
    "fields": {
      "name": "GTX 1650",
      "release_date": 2020,
      "interface": "PCI Express x16 3.0",
      "core_frequency": 1410,
      "core_count": 896,
      "memory_frequency": 12000,
      "memory_type": "",
      "memory_volume": 4,
      "memory_band_width": 128,
      "recommended_energy_supply": 300
    }
  },
  {
    "model": "app_main.videocardinfo",
    "pk": 12,
    "fields": {
      "name": "RX 6900 XTX",
      "release_date": 2022,
      "interface": "PCI Express x16 4.0",
      "core_frequency": 2205,
      "core_count": 5120,
      "memory_frequency": 16000,
      "memory_type": "GDDR6x",
      "memory_volume": 16,
      "memory_band_width": 256,
      "recommended_energy_supply": 700
    }
  },
  {
    "model": "app_main.videocardinfo",
    "pk": 13,
    "fields": {
      "name": "RTX 4090",
      "release_date": 2023,
      "interface": "PCI Express x16 4.0",
      "core_frequency": 2230,
      "core_count": 16384,
      "memory_frequency": 21000,
      "memory_type": "GDDR6X",
      "memory_volume": 24,
      "memory_band_width": 384,
      "recommended_energy_supply": 850
    }
  },
  {
    "model": "app_main.videocard",
    "pk": 4,
    "fields": {
      "name": "Radeon  RX 6700 XT",
      "manufacturer": "AMD",
      "price": 737,
      "vendor": "MSI",
      "promo_type": "r",
      "promo_note": "",
      "image": "videocards/Radeon  RX 6700 XT/image/msi_rx6700xt_small.png",
      "image_big": "",
      "info": 2
    }
  },
  {
    "model": "app_main.videocard",
    "pk": 5,
    "fields": {
      "name": "RTX 3090",
      "manufacturer": "Nvidia",
      "price": 1800,
      "vendor": "Palit",
      "promo_type": "r",
      "promo_note": "",
      "image": "videocards/RTX 3090/image/palit_rtx3090_small.png",
      "image_big": "",
      "info": 3
    }
  },
  {
    "model": "app_main.videocard",
    "pk": 6,
    "fields": {
      "name": "RTX 2060",
      "manufacturer": "Nvidia",
      "price": 465,
      "vendor": "Palit",
      "promo_type": "r",
      "promo_note": "",
      "image": "videocards/RTX 2060/image/palit_rtx2060_small.png",
      "image_big": "",
      "info": 1
    }
  },
  {
    "model": "app_main.videocard",
    "pk": 7,
    "fields": {
      "name": "RTX 3060",
      "manufacturer": "Nvidia",
      "price": 500,
      "vendor": "Palit",
      "promo_type": "r",
      "promo_note": "",
      "image": "videocards/RTX 3060/image/palit_rtx3060_small.png",
      "image_big": "",
      "info": 4
    }
  },
  {
    "model": "app_main.videocard",
    "pk": 8,
    "fields": {
      "name": "RTX 3050 OC",
      "manufacturer": "Nvidia",
      "price": 385,
      "vendor": "Asus",
      "promo_type": "r",
      "promo_note": "",
      "image": "videocards/RTX 3050 OC/image/asus_rtx_3050OC_small.png",
      "image_big": "",
      "info": 5
    }
  },
  {
    "model": "app_main.videocard",
    "pk": 9,
    "fields": {
      "name": "RTX 3050",
      "manufacturer": "Nvidia",
      "price": 380,
      "vendor": "Gigabyte Aorus",
      "promo_type": "r",
      "promo_note": "",
      "image": "videocards/RTX 3050/image/gigabyte_aorus_rtx3050_small.png",
      "image_big": "",
      "info": 5
    }
  },
  {
    "model": "app_main.videocard",
    "pk": 10,
    "fields": {
      "name": "GT 1030 OC",
      "manufacturer": "Nvidia",
      "price": 124,
      "vendor": "Gigabyte",
      "promo_type": "r",
      "promo_note": "",
      "image": "videocards/GT 1030 OC/image/gigabyte_gtx_1030OC_small.png",
      "image_big": "",
      "info": 6
    }
  },
  {
    "model": "app_main.videocard",
    "pk": 11,
    "fields": {
      "name": "RTX 3050",
      "manufacturer": "Nvidia",
      "price": 439,
      "vendor": "MSI Gaming Z",
      "promo_type": "r",
      "promo_note": "",
      "image": "videocards/RTX 3050/image/msi_gaming_z_rtx_3050_small.png",
      "image_big": "",
      "info": 5
    }
  },
  {
    "model": "app_main.videocard",
    "pk": 12,
    "fields": {
      "name": "GTX 1660 Super",
      "manufacturer": "Nvidia",
      "price": 372,
      "vendor": "MSI",
      "promo_type": "r",
      "promo_note": "",
      "image": "videocards/GTX 1660 Super/image/msi_gtx_1660_super_small.png",
      "image_big": "",
      "info": 7
    }
  },
  {
    "model": "app_main.videocard",
    "pk": 13,
    "fields": {
      "name": "RTX 3060ti",
      "manufacturer": "Nvidia",
      "price": 670,
      "vendor": "MSI",
      "promo_type": "r",
      "promo_note": "",
      "image": "videocards/RTX 3060ti/image/msi_gaming_z_rtx_3060ti_small.png",
      "image_big": "",
      "info": 8
    }
  },
  {
    "model": "app_main.videocard",
    "pk": 14,
    "fields": {
      "name": "RTX 4080",
      "manufacturer": "Nvidia",
      "price": 1693,
      "vendor": "Palit",
      "promo_type": "r",
      "promo_note": "",
      "image": "videocards/RTX 4080/image/palit_rtx_4080_small.png",
      "image_big": "",
      "info": 9
    }
  },
  {
    "model": "app_main.videocard",
    "pk": 15,
    "fields": {
      "name": "GTX 1050ti",
      "manufacturer": "Nvidia",
      "price": 215,
      "vendor": "Palit",
      "promo_type": "r",
      "promo_note": "",
      "image": "videocards/GTX 1050ti/image/palit_gtx1050ti_small.png",
      "image_big": "",
      "info": 10
    }
  },
  {
    "model": "app_main.videocard",
    "pk": 16,
    "fields": {
      "name": "GTX 1650",
      "manufacturer": "Nvidia",
      "price": 245,
      "vendor": "Gigabyte",
      "promo_type": "r",
      "promo_note": "",
      "image": "videocards/GTX 1650/image/gigabyte_gtx1650_small.png",
      "image_big": "",
      "info": 11
    }
  },
  {
    "model": "app_main.videocard",
    "pk": 18,
    "fields": {
      "name": "RTX 3060ti",
      "manufacturer": "Nvidia",
      "price": 701,
      "vendor": "MSI Gaming Z",
      "promo_type": "r",
      "promo_note": "",
      "image": "videocards/RTX 3060ti/image/msi_rtx_3060ti_small.png",
      "image_big": "",
      "info": 8
    }
  },
  {
    "model": "app_main.videocard",
    "pk": 19,
    "fields": {
      "name": "RTX 3050",
      "manufacturer": "Nvidia",
      "price": 494,
      "vendor": "Gigabyte Aorus elite",
      "promo_type": "r",
      "promo_note": "",
      "image": "videocards/RTX 3050/image/gigabyte_aorus_rtx_3050_elite_small.png",
      "image_big": "",
      "info": 5
    }
  },
  {
    "model": "app_main.videocard",
    "pk": 20,
    "fields": {
      "name": "RTX 3050",
      "manufacturer": "Nvidia",
      "price": 473,
      "vendor": "Gigabyte",
      "promo_type": "r",
      "promo_note": "",
      "image": "videocards/RTX 3050/image/gigabyte_rtx3050_small.png",
      "image_big": "",
      "info": 5
    }
  },
  {
    "model": "app_main.videocard",
    "pk": 21,
    "fields": {
      "name": "RX6900 XTX",
      "manufacturer": "AMD",
      "price": 1499,
      "vendor": "",
      "promo_type": "n",
      "promo_note": "┼ёЄ№ эрф ўхь чрфєьрЄ№ё : срчют√х ёЎхэрЁшш яютхфхэш  яюы№чютрЄхыхщ ш яю ёхщ фхэ№ юёЄр■Єё  єфхыюь яЁюхъЄрэЄют",
      "image": "videocards/RX6900 XTX/image/amd-rx6900xtx_small.png",
      "image_big": "videocards/RX6900 XTX/image/amd-rx6900xtx_big_3SdNnAk.png",
      "info": 12
    }
  },
  {
    "model": "app_main.videocard",
    "pk": 25,
    "fields": {
      "name": "RTX 4090",
      "manufacturer": "Nvidia",
      "price": 2200,
      "vendor": "Gigabyte",
      "promo_type": "n",
      "promo_note": "",
      "image": "videocards/RTX 4090/image/RTX_4090_small_u85bJOJ.png",
      "image_big": "videocards/RTX 4090/image/RTX_4090_big_Nql6GDC.png",
      "info": 13
    }
  },
  {
    "model": "app_user.discount",
    "pk": 1,
    "fields": {
      "status_name": "Bronze",
      "required_sum": 2000,
      "price_multiplier": "0.90"
    }
  },
  {
    "model": "app_user.discount",
    "pk": 2,
    "fields": {
      "status_name": "Silver",
      "required_sum": 5000,
      "price_multiplier": "0.80"
    }
  },
  {
    "model": "app_user.discount",
    "pk": 3,
    "fields": {
      "status_name": "Gold",
      "required_sum": 10000,
      "price_multiplier": "0.70"
    }
  },
  {
    "model": "app_user.discount",
    "pk": 4,
    "fields": {
      "status_name": "┴хч ёъшфъш",
      "required_sum": 0,
      "price_multiplier": "1.00"
    }
  },
  {
    "model": "app_user.profile",
    "pk": 1,
    "fields": {
      "user": 1,
      "city": "Minsk",
      "street": "Lenina",
      "housing": "1",
      "house": 2,
      "apartment": 3,
      "discount": 1,
      "phone": "88005553535",
      "verification": true,
      "total_sum": 4025
    }
  },
  {
    "model": "app_user.profile",
    "pk": 2,
    "fields": {
      "user": 3,
      "city": "Berdzyansk",
      "street": "",
      "housing": "",
      "house": null,
      "apartment": null,
      "discount": 2,
      "phone": "88005553535",
      "verification": false,
      "total_sum": 0
    }
  },
  {
    "model": "app_user.profile",
    "pk": 7,
    "fields": {
      "user": 8,
      "city": "",
      "street": "",
      "housing": "",
      "house": null,
      "apartment": null,
      "discount": 1,
      "phone": "",
      "verification": false,
      "total_sum": 0
    }
  },
  {
    "model": "app_user.profile",
    "pk": 8,
    "fields": {
      "user": 11,
      "city": "test",
      "street": "",
      "housing": "",
      "house": null,
      "apartment": null,
      "discount": 4,
      "phone": "88005553535",
      "verification": false,
      "total_sum": 0
    }
  },
  {
    "model": "app_user.profile",
    "pk": 9,
    "fields": {
      "user": 12,
      "city": "city",
      "street": "",
      "housing": "",
      "house": null,
      "apartment": null,
      "discount": 4,
      "phone": "88005553535",
      "verification": false,
      "total_sum": 0
    }
  },
  {
    "model": "app_basket.order",
    "pk": 20,
    "fields": {
      "name_surname": "Zinchenko Egor",
      "phone": "88005553535",
      "email": "zicnhenko02051999@gmail.com",
      "city": "Minsk",
      "street": "Lenina",
      "house": "2",
      "housing": 1,
      "apartment": 3,
      "sum": 350,
      "date": "2023-03-29",
      "user": 1
    }
  },
  {
    "model": "app_basket.order",
    "pk": 21,
    "fields": {
      "name_surname": "Zinchenko Egor",
      "phone": "88005553535",
      "email": "zicnhenko02051999@gmail.com",
      "city": "Minsk",
      "street": "Lenina",
      "house": "2",
      "housing": 1,
      "apartment": 3,
      "sum": 465,
      "date": "2023-03-29",
      "user": 1
    }
  },
  {
    "model": "app_basket.order",
    "pk": 22,
    "fields": {
      "name_surname": "Zinchenko Egor",
      "phone": "88005553535",
      "email": "zicnhenko02051999@gmail.com",
      "city": "Minsk",
      "street": "Lenina",
      "house": "2",
      "housing": 1,
      "apartment": 3,
      "sum": 465,
      "date": "2023-03-29",
      "user": 1
    }
  },
  {
    "model": "app_basket.order",
    "pk": 23,
    "fields": {
      "name_surname": "Zinchenko Egor",
      "phone": "88005553535",
      "email": "zicnhenko02051999@gmail.com",
      "city": "Minsk",
      "street": "Lenina",
      "house": "2",
      "housing": 1,
      "apartment": 3,
      "sum": 465,
      "date": "2023-03-29",
      "user": 1
    }
  },
  {
    "model": "app_basket.order",
    "pk": 24,
    "fields": {
      "name_surname": "Zinchenko Egor",
      "phone": "88005553535",
      "email": "zicnhenko02051999@gmail.com",
      "city": "Minsk",
      "street": "Lenina",
      "house": "2",
      "housing": 1,
      "apartment": 3,
      "sum": 465,
      "date": "2023-03-29",
      "user": 1
    }
  },
  {
    "model": "app_basket.order",
    "pk": 25,
    "fields": {
      "name_surname": "Zinchenko Egor",
      "phone": "88005553535",
      "email": "zicnhenko02051999@gmail.com",
      "city": "Minsk",
      "street": "Lenina",
      "house": "2",
      "housing": 1,
      "apartment": 3,
      "sum": 465,
      "date": "2023-03-29",
      "user": 1
    }
  },
  {
    "model": "app_basket.order",
    "pk": 26,
    "fields": {
      "name_surname": "Zinchenko Egor",
      "phone": "88005553535",
      "email": "zicnhenko02051999@gmail.com",
      "city": "Minsk",
      "street": "Lenina",
      "house": "2",
      "housing": 1,
      "apartment": 3,
      "sum": 1350,
      "date": "2023-03-29",
      "user": 1
    }
  },
  {
    "model": "app_basket.order",
    "pk": 27,
    "fields": {
      "name_surname": "Zinchenko Egor",
      "phone": "88005553535",
      "email": "zicnhenko02051999@gmail.com",
      "city": "Minsk",
      "street": "Lenina",
      "house": "2",
      "housing": 1,
      "apartment": 3,
      "sum": 2038,
      "date": "2023-03-29",
      "user": 1
    }
  },
  {
    "model": "app_basket.ordervideocard",
    "pk": 1,
    "fields": {
      "order": 22,
      "videocard": 6,
      "quantity": 1
    }
  },
  {
    "model": "app_basket.ordervideocard",
    "pk": 2,
    "fields": {
      "order": 25,
      "videocard": 6,
      "quantity": 1
    }
  },
  {
    "model": "app_basket.ordervideocard",
    "pk": 3,
    "fields": {
      "order": 26,
      "videocard": 7,
      "quantity": 3
    }
  },
  {
    "model": "app_basket.ordervideocard",
    "pk": 4,
    "fields": {
      "order": 27,
      "videocard": 6,
      "quantity": 1
    }
  },
  {
    "model": "app_basket.ordervideocard",
    "pk": 5,
    "fields": {
      "order": 27,
      "videocard": 5,
      "quantity": 1
    }
  }
]
